{
  "npmScope": "TestSolution",
  "implicitDependencies": {
    "angular.json": "*",
    "package.json": "*",
    "tsconfig.json": "*",
    "tslint.json": "*",
    "nx.json": "*"
  },
  "projects": {
    "myapp1": {
      "tags": []
    },
    "myapp1-e2e": {
      "tags": []
    },
    "mylib1": {
      "tags": []
    },
    "mylib2": {
      "tags": []
    },
    "myapp2": {
      "tags": []
    },
    "myapp2-e2e": {
      "tags": []
    },
    "mylib3": {
      "tags": []
    },
    "myapp3": {
      "tags": []
    },
    "myapp3-e2e": {
      "tags": []
    }
  }
}
