{
  "npmScope": "TestSolution",
  "implicitDependencies": {
    "angular.json": "*",
    "package.json": "*",
    "tsconfig.json": "*",
    "tslint.json": "*",
    "nx.json": "*"
  },
  "projects": {
    "myapp-admin": {
      "tags": []
    },
    "myapp-admin-e2e": {
      "tags": []
    },
    "myapp-web": {
      "tags": []
    },
    "myapp-web-e2e": {
      "tags": []
    },
    "common": {
      "tags": []
    },
    "widgets": {
      "tags": []
    },
    "cafe-management": {
      "tags": []
    },
    "products-management": {
      "tags": []
    },
    "trainings-management": {
      "tags": []
    }
  }
}
